id,name,property_payment_term,credit_limit,is_company,customer,supplier,parent_id,type,use_parent_address,street,street2,zip,city,vat,branch,country_id,phone,mobile,fax,email,website,category_id,comment,shipper_ids,property_payment_term,user_id
res_partner_cust_1,บริษัท สยามแม็คโคร จำกัด (มหาชน),,,TRUE,TRUE,FALSE,,Default,FALSE,3498 ชั้น 2 ถ.ลาดพร้าว,แขวงคลองจั่น เขตบางกะปิ,10240,กรุงเทพฯ,107537000521,สำนักงานใหญ่,Thailand,02-723-1417,,,,,Modern Trade,,Company Car,7 Days,ยุวดี ลิ่มอักษรกุล
res_partner_cust_2,สาขาสาทร,,,FALSE,TRUE,FALSE,บริษัท สยามแม็คโคร จำกัด (มหาชน),Shipping,FALSE,1 ถ.นราธิวาสราชนครินทร์,แขวงทุ่งวัดดอน เขตสาทร,10120,กรุงเทพฯ,,,Thailand,02-676-0676,,02-676-1676,,,Modern Trade,,Company Car,,ยุวดี ลิ่มอักษรกุล
res_partner_cust_3,สาขาบางบอน,,,FALSE,TRUE,FALSE,บริษัท สยามแม็คโคร จำกัด (มหาชน),Shipping,FALSE,40/8 ม.10 ถ.สายวงแหวนแยกเอกชัย-เพชรเกษม,แขวงบางบอน เขตบางบอน,10150,กรุงเทพฯ,,,Thailand,,,,,,Modern Trade,,Company Car,,ยุวดี ลิ่มอักษรกุล
res_partner_cust_4,สาขาจรัญสนิทวงศ์,,,FALSE,TRUE,FALSE,บริษัท สยามแม็คโคร จำกัด (มหาชน),Shipping,FALSE,"521,521-27 ถ.จรัญสนิทวงศ์",แขวงบางขุนศรี  เขตบางกอกน้อย,10700,กรุงเทพฯ,,,Thailand,,,,,,Modern Trade,,Company Car,,ยุวดี ลิ่มอักษรกุล
res_partner_cust_5,สาขาสามเสน,,,FALSE,TRUE,FALSE,บริษัท สยามแม็คโคร จำกัด (มหาชน),Shipping,FALSE,935/11 ถ.สามเสน ,แขวงถนนนครชัยศรี  เขตดุสิต,10300,กรุงเทพฯ,,,Thailand,,,,,,Modern Trade,,Company Car,,ยุวดี ลิ่มอักษรกุล
res_partner_cust_6,สาขารามอินทรา,,,FALSE,TRUE,FALSE,บริษัท สยามแม็คโคร จำกัด (มหาชน),Shipping,FALSE,904 ถ.รามอินทรา,แขวงคันนายาว   เขตคันนายาว,10230,กรุงเทพฯ,,,Thailand,,,,,,Modern Trade,,Company Car,,ยุวดี ลิ่มอักษรกุล
res_partner_cust_7,บริษัท เดอะมอลล์ กรุ๊ป จำกัด ,,,TRUE,TRUE,FALSE,,Default,FALSE,144   ถ.รามคำแหง ,แขวงหัวหมาก เขตบางกะปิ,10240,กรุงเทพฯ,105523009350,สำนักงานใหญ่,Thailand,02-310-1200,,,,,Modern Trade,,Self Picking,Cash,ยุวดี ลิ่มอักษรกุล
res_partner_cust_8,บริษัท เดอะมอลล์ กรุ๊ป จำกัด (สาขา 00005),,,TRUE,TRUE,FALSE,,Default,FALSE,30/39-50 ถ.งามวงศ์วาน,ตำบลบางเขน อำเภอเมือง,11000,นนทบุรี,,5,Thailand,02-550-0011-60,,,,,Modern Trade,,Self Picking,Cash,ยุวดี ลิ่มอักษรกุล
res_partner_cust_9,บริษัท เดอะมอลล์ กรุ๊ป จำกัด (สาขา 00004),,,TRUE,TRUE,FALSE,,Default,FALSE,99 ถ.รัชดาภิเษก (ตากสิน-ท่าพระ),แขวงบุคคโล  เขตธนบุรี,10600,กรุงเทพฯ,,4,Thailand,,,,,,Modern Trade,,Self Picking,Cash,ยุวดี ลิ่มอักษรกุล
res_partner_cust_10,บริษัท เดอะมอลล์ กรุ๊ป จำกัด (สาขา 00006),,,TRUE,TRUE,FALSE,,Default,FALSE,518  ถ.เพชรเกษม,แขวงบางแคเหนือ เขตบางแค,10160,กรุงเทพฯ,,6,Thailand,,,,,,Modern Trade,,Self Picking,Cash,ยุวดี ลิ่มอักษรกุล
res_partner_cust_11,บริษัท เดอะมอลล์ กรุ๊ป จำกัด (สาขา 00007),,,TRUE,TRUE,FALSE,,Default,FALSE,3522 ถ.ลาดพร้าว,แขวงคลองจั่น เขตบางกะปิ,10240,กรุงเทพฯ,,7,Thailand,,,,,,Modern Trade,,Self Picking,Cash,ยุวดี ลิ่มอักษรกุล
res_partner_cust_12,บริษัท เอก-ชัย ดีสทริบิวชั่น ซิสเทม จำกัด,,,TRUE,TRUE,TRUE,,Default,FALSE,629/1 ถ.นวมินทร์,แขวงนวลจันทร์ เขตบึงกุ่ม,10230,กรุงเทพฯ,105536092641,สำนักงานใหญ่,Thailand,,,,,,Modern Trade,,Company Car,7 Days,ยุวดี ลิ่มอักษรกุล
res_partner_cust_13,สาขาวังน้อย,,,FALSE,TRUE,FALSE,บริษัท เอก-ชัย ดีสทริบิวชั่น ซิสเทม จำกัด,Shipping,FALSE,188/1 หมู่ 4 ถ.พหลโยธิน ,ตำบลลำไทร  อำเภอวังน้อย,13170,อยุธยา,,,Thailand,,,,,,Modern Trade,,Company Car,,ยุวดี ลิ่มอักษรกุล
res_partner_cust_14,สาขาบางบัวทอง,,,FALSE,TRUE,FALSE,บริษัท เอก-ชัย ดีสทริบิวชั่น ซิสเทม จำกัด,Shipping,FALSE,15/18 หมู่ 6 ถ.ตลิ่งชัน-สุพรรณบุรี ,ตำบลละหาร อำเภอบางบัวทอง,11110,นนทบุรี,,,Thailand,,,,,,Modern Trade,,Company Car,,ยุวดี ลิ่มอักษรกุล
res_partner_cust_15,บริษัท บิ๊กซี ซูเปอร์เซ็นเตอร์ จำกัด (มหาชน),,,TRUE,TRUE,TRUE,,Default,FALSE,97/11 ชั้น 6 ถ.ราชดำริห์,แขวงลุมพินี  เขตปทุมวัน,10330,กรุงเทพฯ,107536000633,สำนักงานใหญ่,Thailand,02-5950010-5,,,,,Modern Trade,,Company Car,7 Days,ยุวดี ลิ่มอักษรกุล
res_partner_cust_16,สาขาวังน้อย,,,FALSE,TRUE,TRUE,บริษัท บิ๊กซี ซูเปอร์เซ็นเตอร์ จำกัด (มหาชน),Shipping,FALSE,219 หมู่ 4 ถ.พหลโยธิน,ตำบลลำไทร  อำเภอวังน้อย,13170,อยุธยา,,,Thailand,,,,,,Modern Trade,,Company Car,,ยุวดี ลิ่มอักษรกุล
res_partner_cust_17,สาขาบางใหญ่,,,FALSE,TRUE,TRUE,บริษัท บิ๊กซี ซูเปอร์เซ็นเตอร์ จำกัด (มหาชน),Shipping,FALSE,76/1 หมู่ 6,ตำบลบางรักพัฒนา อำเภอบางบัวทอง,11110,นนทบุรี,,,Thailand,,,,,,Modern Trade,,Company Car,,ยุวดี ลิ่มอักษรกุล
res_partner_cust_18,สาขาธัญบุรี,,,FALSE,TRUE,TRUE,บริษัท บิ๊กซี ซูเปอร์เซ็นเตอร์ จำกัด (มหาชน),Shipping,FALSE,28 หมู่ 3,ตำบลคลองหก อำเภอคลองหลวง,12120,ปทุมธานี,,,Thailand,,,,,,Modern Trade,,Company Car,,ยุวดี ลิ่มอักษรกุล
res_partner_cust_19,บริษัท ซีพี ออลล์ จำกัด (มหาชน),,,TRUE,TRUE,TRUE,,Default,FALSE,283 ถ.สีลม,แขวงสีลม เขตบางรัก,10500,กรุงเทพฯ,107542000011,สำนักงานใหญ่,Thailand,,,,,,Modern Trade,,Company Car,7 Days,ยุวดี ลิ่มอักษรกุล
res_partner_cust_20,บริษัท ไดนามิค ลอจิสติกส์ จำกัด (คลังบางบัวทอง),,,FALSE,TRUE,TRUE,บริษัท ซีพี ออลล์ จำกัด (มหาชน),Shipping,FALSE,333/4-5 หมู่ 9,ตำบลละหาร อำเภอบางบัวทอง,11110,นนทบุรี,,,Thailand,,,,,,Modern Trade,,Company Car,,ยุวดี ลิ่มอักษรกุล
res_partner_cust_21,สาขามหาชัย,,,FALSE,TRUE,FALSE,บริษัท ซีพี ออลล์ จำกัด (มหาชน),Shipping,FALSE,-,,,,,,Thailand,,,,,,,,,,
res_partner_cust_22,สาขาลาดกระบัง,,,FALSE,TRUE,FALSE,บริษัท ซีพี ออลล์ จำกัด (มหาชน),Shipping,FALSE,-,,,,,,Thailand,,,,,,,,,,
res_partner_cust_23,สาขาบางบัวทอง,,,FALSE,TRUE,FALSE,บริษัท ซีพี ออลล์ จำกัด (มหาชน),Shipping,FALSE,-,,,,,,Thailand,,,,,,,,,,
res_partner_cust_24,บริษัท เซ็นทรัล ฟู้ด รีเทล จำกัด  สาขาดีซี สาขาที่ 00047,,,TRUE,TRUE,TRUE,,Default,FALSE,70 หมู่ 6,ตำบลละหาร อำเภอบางบัวทอง,11110,นนทบุรี,105535134278,สำนักงานใหญ่,Thailand,,,,,,Modern Trade,,Company Car,7 Days,ยุวดี ลิ่มอักษรกุล
res_partner_cust_25,บริษัท ซิตี้มอลล์กรุ๊ป  จำกัด,,,TRUE,TRUE,FALSE,,Default,FALSE,622 ถ.สุขุมวิท,แขวงคลองเตย  เขตคลองเตย,10110,กรุงเทพฯ,105540016253,สำนักงานใหญ่,Thailand,,,,,,Modern Trade,,Self Picking,Cash,ยุวดี ลิ่มอักษรกุล
res_partner_cust_26,บริษัท ซันร้อยแปด จำกัด สาขาที่ 00035,,,TRUE,TRUE,FALSE,,Default,FALSE,631/7 ตรอกวัดจันทร์ใน,แขวงบางโคล่  เขตบางคอแหลม,10120,กรุงเทพฯ,105518007298,สำนักงานใหญ่,Thailand,,,,,,Modern Trade,,Company Car,3 Days,ยุวดี ลิ่มอักษรกุล
res_partner_cust_27,บริษัท สยามดีซีเอ็ม  จำกัด,,,TRUE,TRUE,TRUE,,Default,FALSE,256 ถ.ร่มเกล้า,แขวงมีนบุรี  เขตมีนบุรี,10510,กรุงเทพฯ,105547016801,สำนักงานใหญ่,Thailand,,,,,,Modern Trade,,Company Car,7 Days,ยุวดี ลิ่มอักษรกุล
res_partner_cust_28,บริษัท ซีพีเอฟ เทรดดิ้ง จำกัด,,,TRUE,TRUE,TRUE,,Default,FALSE,252/115-116 อาคารสำนักงานเมืองไทย-ภัทร อาคาร2 ชั้น22  ถ.รัชดาภิเษก,แขวงห้วยขวาง  เขตห้วยขวาง,10310,กรุงเทพฯ,105543112865,สำนักงานใหญ่,Thailand,,,,,,Modern Trade,,Company Car,7 Days,ยุวดี ลิ่มอักษรกุล
res_partner_cust_29,บริษัท ฟู้ดแลนด์ซุปเปอร์มาร์เก็ต จำกัด สาขาที่ 00007,,,TRUE,TRUE,FALSE,,Default,FALSE,2675 ชั้น 2 ถ.ลาดพร้าว,แขวงคลองเจ้าคุณสิงห์ เขตวังทองหลาง,10310,กรุงเทพฯ,105515004549,สำนักงานใหญ่,Thailand,,,,,,Modern Trade,,Company Car,Cash,ยุวดี ลิ่มอักษรกุล
res_partner_cust_30,บริษัท ปิโตรเลียมไทยคอร์ปอเรชั่น  จำกัด (สาขาที่00015),,,TRUE,TRUE,FALSE,,Default,FALSE,อาคารไซเบอร์เวิร์ลด ทาวเวอร์ เอ ชั้น33 เลขที่90 ถ.รัชดาภิเษก,แขวงห้วยขวาง  เขตห้วยขวาง,10310,กรุงเทพฯ,105535099511,สำนักงานใหญ่,Thailand,,,,,,Modern Trade,,Company Car,Cash,ยุวดี ลิ่มอักษรกุล
res_partner_cust_31,บริษัท วิลล่า มาร์เก็ต เจ พี จำกัด,,,TRUE,TRUE,FALSE,,Default,FALSE,"591/1,4-7 ถ.สุขุมวิท ",แขวงคลองตันเหนือ เขตวัฒนา,10110,กรุงเทพฯ,105531013646,สำนักงานใหญ่,Thailand,,,,,,Modern Trade,,Self Picking,Cash,ยุวดี ลิ่มอักษรกุล
res_partner_cust_32,บริษัท สยามพารากอน รีเทล จำกัด,,,TRUE,TRUE,FALSE,,Default,FALSE,991/1 ถ.พระราม1 ,แขวงปทุมวัน  เขตปทุมวัน,10330,กรุงเทพฯ,105544113032,สำนักงานใหญ่,Thailand,,,,,,Modern Trade,,Self Picking,Cash,ยุวดี ลิ่มอักษรกุล
res_partner_cust_33,ร้าน กาญจนา-วงศ์คำยอด,,,TRUE,TRUE,FALSE,,Default,FALSE,132/8 ซ.วิภาวดีรังสิต11 ,แขวงจัตุจักร  เขตจัตุจักร,10900,กรุงเทพฯ,,สำนักงานใหญ่,Thailand,,084-015-3944,,,,Traditional Trade,,Company Car,Cash,ศักดิ์ชาย พิทักษ์วงษ์
res_partner_cust_34,ร้าน กีรติพาณิชย์,,,TRUE,TRUE,FALSE,,Default,FALSE,136 ซ.อุดมสุข12 ,แขวงบางนา  เขตบางนา,10260,กรุงเทพฯ,,สำนักงานใหญ่,Thailand,,081-819-6047,,,,Traditional Trade,,Company Car,Cash,สาโรจน์  สภาสกุลวนิช
res_partner_cust_35,ร้าน เจ๊ดำ,,,TRUE,TRUE,FALSE,,Default,FALSE,322/28 การเคหะชุมชนทุ่งสองห้อง,แขวงทุ่งสองห้อง  เขตหลักสี่,10210,กรุงเทพฯ,,สำนักงานใหญ่,Thailand,02-573-9772,,,,,Traditional Trade,,Company Car,Cash,ศักดิ์ชาย พิทักษ์วงษ์
res_partner_cust_36,ร้าน เซมฉัน,,,TRUE,TRUE,FALSE,,Default,FALSE,537/70 ถ.สาธุประดิษฐ์,แขวงช่องนนทรี  เขตยานนาวา,10120,กรุงเทพฯ,,สำนักงานใหญ่,Thailand,หน้าร้าน,,,,,Traditional Trade,,Company Car,Cash,ยุวดี ลิ่มอักษรกุล
res_partner_cust_37,หจก. ดีดีค้าส่ง,,,TRUE,TRUE,FALSE,,Default,FALSE,135/22 ม.7 ซ.รามอินทรา39 ,แขวงท่าแร้ง  เขตบางเขน,10220,กรุงเทพฯ,,สำนักงานใหญ่,Thailand,02-973-1635-39,085-059-5164,,,,Traditional Trade,,Company Car,Cash,ศักดิ์ชาย พิทักษ์วงษ์
res_partner_cust_38,ร้าน ทรัพย์ชัยเจริญ,,,TRUE,TRUE,FALSE,,Default,FALSE,760 ถ.เจริญพัฒนา ,แขวงบางชัน  เขตคลองสามวา,10510,กรุงเทพฯ,,สำนักงานใหญ่,Thailand,02-540-1928,085-553-8934,,,,Traditional Trade,,Company Car,Cash,ศักดิ์ชาย พิทักษ์วงษ์
res_partner_cust_39,ร้าน ไทยมิตรน้ำแข็ง,,,TRUE,TRUE,FALSE,,Default,FALSE,18/11-12-13 ถ.สรงประภาซอย1 ,แขวงสีกัน เขตดอนเมือง,10210,กรุงเทพฯ,,สำนักงานใหญ่,Thailand,02-928-2872,081-734-1102,,,,Traditional Trade,,Company Car,Cash,ศักดิ์ชาย พิทักษ์วงษ์
res_partner_cust_40,ร้าน ธนนลธ์,,,TRUE,TRUE,FALSE,,Default,FALSE,1821/1 ถ.สุขุมวิท,แขวงพระโขนง  เขตพระโขนง,10260,กรุงเทพฯ,,สำนักงานใหญ่,Thailand,02-392-5110,081-306-6587,,,,Traditional Trade,,Company Car,Cash,สาโรจน์  สภาสกุลวนิช
res_partner_cust_41,ร้าน น้ำทิพย์,,,TRUE,TRUE,FALSE,,Default,FALSE,27/34 ถ.สุนทรโกษา,แขวงคลองเตย  เขตคลองเตย ,10110,กรุงเทพฯ,,สำนักงานใหญ่,Thailand,02-240-2732,081-830-0025,02-249-2765,,,Traditional Trade,,Company Car,Cash,สาโรจน์  สภาสกุลวนิช
res_partner_cust_42,ร้าน โนรี,,,TRUE,TRUE,FALSE,,Default,FALSE,141/5 ถ.รามอินทรา ,แขวงอนุสาวรีย์ เขตบางเขน,10220,กรุงเทพฯ,,สำนักงานใหญ่,Thailand,02-970-8224-5,,,,,Traditional Trade,,Company Car,Cash,ศักดิ์ชาย พิทักษ์วงษ์
res_partner_cust_43,บริษัท ปรีชาพัฒน์   จำกัด,,,TRUE,TRUE,FALSE,,Default,FALSE,61/154 แยก17 ซ.ลาดพร้าว41 (ซ.ภาวนา) ,แขวงจันทรเกษม เขตจัตุจักร,10900,กรุงเทพฯ,,สำนักงานใหญ่,Thailand,02-541-9767,081-318-0990,,,,Traditional Trade,,Company Car,Cash,สาโรจน์  สภาสกุลวนิช
res_partner_cust_44,ร้าน ประสงค์เจริญพาณิชย์,,,TRUE,TRUE,FALSE,,Default,FALSE,747 หมู่4 หมู่บ้านการ์เด้นโฮมเลจ ,แขวงลาดกระบัง   เขตลาดกระบัง,10520,กรุงเทพฯ,,สำนักงานใหญ่,Thailand,02-737-1575,089-897-4282,,,,Traditional Trade,,Company Car,Cash,สาโรจน์  สภาสกุลวนิช
res_partner_cust_45,ร้าน คุณเปีย ศัลย์วิวรรธน์,,,TRUE,TRUE,FALSE,,Default,FALSE,1151 ถ.เพชรบุรีตัดใหม่ ,แขวงมักกะสัน  เขตราชเทวี,10400,กรุงเทพฯ,,สำนักงานใหญ่,Thailand,หน้าร้าน,,,,,Traditional Trade,,Self Picking,Cash,ยุวดี ลิ่มอักษรกุล
res_partner_cust_46,ร้าน พรจำรัส,,,TRUE,TRUE,FALSE,,Default,FALSE,85/39 ม.4 ถ.โกสุมรวมใจ,แขวงทุ่งสีกัน  เขตดอนเมือง,10210,กรุงเทพฯ,,สำนักงานใหญ่,Thailand,02-981-1149,085-720-3456,,,,Traditional Trade,,Company Car,Cash,ศักดิ์ชาย พิทักษ์วงษ์
res_partner_cust_47,ร้าน พรทิพย์,,,TRUE,TRUE,FALSE,,Default,FALSE,48/93 ตลาดวงศกร ถ.สายไหม ,แขวงสายไหม  เขตสายไหม,10220,กรุงเทพฯ,,สำนักงานใหญ่,Thailand,02-994-3671,081-372-3842,,,,Traditional Trade,,Company Car,Cash,ศักดิ์ชาย พิทักษ์วงษ์
res_partner_cust_48,ร้าน พี่พร,,,TRUE,TRUE,FALSE,,Default,FALSE,54/63 ซ.ชินเขต2/36 ทุ่งสองห้อง,แขวงทุ่งสองห้อง  เขตหลักสี่,10210,กรุงเทพฯ,,สำนักงานใหญ่,Thailand,,081-443-1747,,,,Traditional Trade,,Company Car,Cash,ศักดิ์ชาย พิทักษ์วงษ์
res_partner_cust_49,หจก. พิพัฒน์พูลลาภ,,,TRUE,TRUE,FALSE,,Default,FALSE,310/17-18 ถ.สรงประภา4 ,แขวงสีกัน  เขตดอนเมือง,10210,กรุงเทพฯ,,สำนักงานใหญ่,Thailand,02-566-1534,,,,,Traditional Trade,,Company Car,Cash,ศักดิ์ชาย พิทักษ์วงษ์
res_partner_cust_50,ร้าน พรชัย,,,TRUE,TRUE,FALSE,,Default,FALSE,23 ซ.ลาซาล24 สุขุมวิท105 ,แขวงบางนา  เขตบางนา,10260,กรุงเทพฯ,,สำนักงานใหญ่,Thailand,02-749-2831,089-922-2044,,,,Traditional Trade,,Company Car,Cash,สาโรจน์  สภาสกุลวนิช
res_partner_cust_51,ร้าน พรเทพ,,,TRUE,TRUE,FALSE,,Default,FALSE,252/15 ซ.2/1 แผงลอย ตลาดอ่อนนุช ถ.สุขุมวิท77 ,แขวงพระโขนง  เขตวัฒนา,10110,กรุงเทพฯ,,สำนักงานใหญ่,Thailand,02-311-2085,086-345-0020,,,,Traditional Trade,,Company Car,Cash,สาโรจน์  สภาสกุลวนิช
res_partner_cust_52,ร้าน ไพรัช,,,TRUE,TRUE,FALSE,,Default,FALSE,451 ถ.อาจณรงค์ ,แขวงคลองเตย   เขตคลองเตย,10110,กรุงเทพฯ,,สำนักงานใหญ่,Thailand,02-671-7345,081-932-0627,,,,Traditional Trade,,Company Car,Cash,สาโรจน์  สภาสกุลวนิช
res_partner_cust_53,ร้าน ฟ้าใส,,,TRUE,TRUE,FALSE,,Default,FALSE,แผงลอยตลาดอ่อนนุช ถ.สุขุมวิท77,แขวงพระโขนง  เขตวัฒนา,10260,กรุงเทพฯ,,สำนักงานใหญ่,Thailand,02-331-1098,089-220-9900,,,,Traditional Trade,,Company Car,Cash,สาโรจน์  สภาสกุลวนิช
res_partner_cust_54,บริษัท  ภูธีรภาพ  จำกัด,,,TRUE,TRUE,FALSE,,Default,FALSE,32/18-19 ถ.รามอินทรา55/8 ซ.วัชรพล ,แขวงท่าแร้ง   เขตบางเขน,10220,กรุงเทพฯ,,สำนักงานใหญ่,Thailand,02-108-4182,081-350-5009,,,,Traditional Trade,,Company Car,Cash,ศักดิ์ชาย พิทักษ์วงษ์
res_partner_cust_55,บริษัท มีสุขฟอร์เอฟเวอร์ จำกัด,,,TRUE,TRUE,FALSE,,Default,FALSE,24/6 หมู่8,แขวงฉิมพลี  เขตตลิ่งชัน ,10170,กรุงเทพฯ,,สำนักงานใหญ่,Thailand,02-894-6225,083-096-8391,02-894-6226,,,Traditional Trade,,Company Car,Cash,สาโรจน์  สภาสกุลวนิช
res_partner_cust_56,ร้าน มานะพานิช,,,TRUE,TRUE,FALSE,,Default,FALSE,4/2 ตลาดอ่อนนุช ถ.สุขุมวิท ,แขวงพระโขนง  เขตวัฒนา,10110,กรุงเทพฯ,,สำนักงานใหญ่,Thailand,02-311-0086,087-060-6616,,,,Traditional Trade,,Company Car,Cash,สาโรจน์  สภาสกุลวนิช
res_partner_cust_57,ร้าน มินขายส่ง,,,TRUE,TRUE,FALSE,,Default,FALSE,29/35 ถ.เพิ่มสิน-ออเงิน ,แขวงคลองถนน  เขตสายไหม,10220,กรุงเทพฯ,,สำนักงานใหญ่,Thailand,02-994-2033,086-555-7705,,,,Traditional Trade,,Company Car,Cash,ศักดิ์ชาย พิทักษ์วงษ์
res_partner_cust_58,ร้าน ยงสุวัฒน์,,,TRUE,TRUE,FALSE,,Default,FALSE,49-51 ถ.ทรงวาด,แขวงจักรวรรดิ  เขตสัมพันธวงศ์,10100,กรุงเทพฯ,,สำนักงานใหญ่,Thailand,หน้าร้าน,,,,,Traditional Trade,,Company Car,Cash,ยุวดี ลิ่มอักษรกุล
res_partner_cust_59,ร้าน ยิ่งเจริญ,,,TRUE,TRUE,FALSE,,Default,FALSE,477/2 ซ.สุทธิพร ,แขวงดินแดง  เขตดินแดง,10400,กรุงเทพฯ,,สำนักงานใหญ่,Thailand,หน้าร้าน,,,,,Traditional Trade,,Company Car,Cash,ยุวดี ลิ่มอักษรกุล
res_partner_cust_60,ร้าน รุ่งเจริญ,,,TRUE,TRUE,FALSE,,Default,FALSE,500/6-7 ซ.อยู่เจริญ ,แขวงดินแดง  เขตดินแดง,10400,กรุงเทพฯ,,สำนักงานใหญ่,Thailand,หน้าร้าน,,,,,Traditional Trade,,Company Car,Cash,ยุวดี ลิ่มอักษรกุล
res_partner_cust_61,ร้าน รุ่งทรัพย์พาณิชย์,,,TRUE,TRUE,FALSE,,Default,FALSE,2194/12 ถ.เจริญกรุง ซ.เจริญกรุง74/2 ,แขวงวัดพระยาไกร  เขตบางคอแหลม,10120,กรุงเทพฯ,,สำนักงานใหญ่,Thailand,02-289-3410,080-970-0865,,,,Traditional Trade,,Company Car,Cash,ศักดิ์ชาย พิทักษ์วงษ์
res_partner_cust_62,ร้าน ร่วมมิตร,,,TRUE,TRUE,FALSE,,Default,FALSE,782/59 ซ.ร่วมมิตร ถ.จันทน์ ,แขวงสาทร  เขตยานนาวา,10120,กรุงเทพฯ,,สำนักงานใหญ่,Thailand,02-211-5473,,,,,Traditional Trade,,Company Car,Cash,ศักดิ์ชาย พิทักษ์วงษ์
res_partner_cust_63,ร้าน ฤกษ์ชัย,,,TRUE,TRUE,FALSE,,Default,FALSE,683/22 สุขุมวิท101/1 ,แขวงบางจาก  เขตบางนา,10260,กรุงเทพฯ,,สำนักงานใหญ่,Thailand,02-397-1275,086-617-9543,,,,Traditional Trade,,Company Car,Cash,สาโรจน์  สภาสกุลวนิช
res_partner_cust_64,ร้าน เลี่ยวฮวดใช้,,,TRUE,TRUE,FALSE,,Default,FALSE,291/68-69 ซ.ศาลเจ้าพ่อสมบูรณ์ ถ.สรณคมน์ ,แขวงดอนเมือง  เขตดอนเมือง,10210,กรุงเทพฯ,,สำนักงานใหญ่,Thailand,02-929-7433,,,,,Traditional Trade,,Company Car,Cash,ศักดิ์ชาย พิทักษ์วงษ์
res_partner_cust_65,ร้าน วงเดือน,,,TRUE,TRUE,FALSE,,Default,FALSE,51 ถ.ริมคลองประปา,แขวงบางซื่อ   เขตบางซื่อ,10800,กรุงเทพฯ,,สำนักงานใหญ่,Thailand,หน้าร้าน,,,,,Traditional Trade,,Company Car,Cash,ยุวดี ลิ่มอักษรกุล
res_partner_cust_66,ร้าน วันเพ็ญ,,,TRUE,TRUE,FALSE,,Default,FALSE,870 ถ.พัฒนาการ ซ.22 ,แขวงสวนหลวง  เขตสวนหลวง,10250,กรุงเทพฯ,,สำนักงานใหญ่,Thailand,หน้าร้าน,,,,,Traditional Trade,,Company Car,Cash,ยุวดี ลิ่มอักษรกุล
res_partner_cust_67,ร้าน วงศกรการค้า,,,TRUE,TRUE,FALSE,,Default,FALSE,48/115 ตลาดวงศกร ถ.สายไหม ,แขวงสายไหม  เขตสายไหม,10220,กรุงเทพฯ,,สำนักงานใหญ่,Thailand,,081-010-0109,,,,Traditional Trade,,Company Car,Cash,ศักดิ์ชาย พิทักษ์วงษ์
res_partner_cust_68,ร้าน วิภาบ้านใหม่,,,TRUE,TRUE,FALSE,,Default,FALSE,13 เจริญกรุง85 ,แขวงพระยาไกร  เขตบางคอแหลม,10120,กรุงเทพฯ,,สำนักงานใหญ่,Thailand,หน้าร้าน,,,,,Traditional Trade,,Company Car,Cash,ยุวดี ลิ่มอักษรกุล
res_partner_cust_69,ร้าน วิศาล,,,TRUE,TRUE,FALSE,,Default,FALSE,904/4 ซ.ปรีดีพนมยงค์2 ตลาดพระโขนง ถ.สุขุมวิท71,แขวงพระโขนงเหนือ  เขตวัฒนา,10110,กรุงเทพฯ,,สำนักงานใหญ่,Thailand,02-390-2206,086-773-9641,,,,Traditional Trade,,Company Car,Cash,สาโรจน์  สภาสกุลวนิช
res_partner_cust_70,ร้าน อรศิมา,,,TRUE,TRUE,FALSE,,Default,FALSE,207/87 ม.6 ถ.รังสิต-งามวงศ์วาน ,แขวงทุ่งสองห้อง  เขตหลักสี่,10210,กรุงเทพฯ,,สำนักงานใหญ่,Thailand,,081-849-7728,,,,Traditional Trade,,Company Car,Cash,ศักดิ์ชาย พิทักษ์วงษ์
res_partner_cust_71,ร้าน ศุภชัย,,,TRUE,TRUE,FALSE,,Default,FALSE,153/2 ถ.พหลโยธิน ,แขวงสามเสนใน  เขตพญาไท,10400,กรุงเทพฯ,,สำนักงานใหญ่,Thailand,หน้าร้าน,,,,,Traditional Trade,,Company Car,Cash,ยุวดี ลิ่มอักษรกุล
res_partner_cust_72,ร้าน สกุลรัตน์,,,TRUE,TRUE,FALSE,,Default,FALSE,324 ถ.พณิชยการธนบุรี ,แขวงท่าพระ  เขตบางกอกใหญ่,10600,กรุงเทพฯ,,สำนักงานใหญ่,Thailand,02-412-4111,087-551-8499,,,,Traditional Trade,,Company Car,Cash,ศักดิ์ชาย พิทักษ์วงษ์
res_partner_cust_73,ร้าน สถาพร,,,TRUE,TRUE,FALSE,,Default,FALSE,292/89-90 ถ.หลานหลวง ,แขวงดุสิต   เขตดุสิต,10300,กรุงเทพฯ,,สำนักงานใหญ่,Thailand,02-282-7645,089-118-9310,,,,Traditional Trade,,Company Car,Cash,สาโรจน์  สภาสกุลวนิช
res_partner_cust_74,ร้าน สมบุญการค้า,,,TRUE,TRUE,FALSE,,Default,FALSE,599/40 ซ.ลาดพร้าว1 ถ.ลาดพร้าว ,แขวงจัตุจักร  เขตจัตุจักร,10900,กรุงเทพฯ,,สำนักงานใหญ่,Thailand,02-513-1160,085-836-4902,,,,Traditional Trade,,Company Car,Cash,สาโรจน์  สภาสกุลวนิช
res_partner_cust_75,ร้าน แสงประภา,,,TRUE,TRUE,FALSE,,Default,FALSE,55/121 หมู่ 2 ถ.สุทธิสารวินิจฉัย ซ.พอจิต ,แขวงห้วยขวาง   เขตห้วยขวาง,10310,กรุงเทพฯ,,สำนักงานใหญ่,Thailand,,081-612-6042,,,,Traditional Trade,,Company Car,Cash,สาโรจน์  สภาสกุลวนิช
res_partner_cust_76,ร้าน สมชัย,,,TRUE,TRUE,FALSE,,Default,FALSE,322/337-8 ซ.อยู่เจริญ,แขวงดินแดง  เขตดินแดง,10400,กรุงเทพฯ,,สำนักงานใหญ่,Thailand,หน้าร้าน,,,,,Traditional Trade,,Company Car,Cash,ยุวดี ลิ่มอักษรกุล
res_partner_cust_77,ร้าน สมัยรุ่งเรือง,,,TRUE,TRUE,FALSE,,Default,FALSE,61/5 ม.4 ถ.สุขาภิบาล5 ,แขวงท่าแร้ง  เขตบางเขน,10220,กรุงเทพฯ,,สำนักงานใหญ่,Thailand,02-552-8696,083-010-3974,,,,Traditional Trade,,Company Car,Cash,ศักดิ์ชาย พิทักษ์วงษ์
res_partner_cust_78,ร้าน สมศักดิ์,,,TRUE,TRUE,FALSE,,Default,FALSE,146 ซ.สุภาพงษ์ 1 ถ. ศรีนครินทร์ ,แขวงประเวศ   เขตประเวศ,10250,กรุงเทพฯ,,สำนักงานใหญ่,Thailand,หน้าร้าน,,,,,Traditional Trade,,Company Car,Cash,ยุวดี ลิ่มอักษรกุล
res_partner_cust_79,ร้าน ส.รุ่งเรือง,,,TRUE,TRUE,FALSE,,Default,FALSE,86-88 ถ.นวมินทร์,แขวงคลองจั่น  เขตลาดพร้าว,10230,กรุงเทพฯ,,สำนักงานใหญ่,Thailand,02-377-0815,089-118-0815,,,,Traditional Trade,,Company Car,Cash,สาโรจน์  สภาสกุลวนิช
res_partner_cust_80,ร้าน สหชัยโรจน์,,,TRUE,TRUE,FALSE,,Default,FALSE,50/7-8 ซ.สุขุมวิท42 ถ.พระราม4 ,แขวงคลองเตย   เขตคลองเตย,10110,กรุงเทพฯ,,สำนักงานใหญ่,Thailand,หน้าร้าน,,,,,Traditional Trade,,Company Car,Cash,ยุวดี ลิ่มอักษรกุล
res_partner_cust_81,ห้าง สัมพันธ์,,,TRUE,TRUE,FALSE,,Default,FALSE,61/178 ซ.ทวีมิตร 7 ถ.พระราม9 ,แขวงห้วยขวาง   เขตห้วยขวาง,10310,กรุงเทพฯ,,สำนักงานใหญ่,Thailand,หน้าร้าน,,,,,Traditional Trade,,Company Car,Cash,ยุวดี ลิ่มอักษรกุล
res_partner_cust_82,ร้าน สินอนันต์,,,TRUE,TRUE,FALSE,,Default,FALSE,2350/10 ถ.เจริญกรุง ,แขวบางคอแหลม  เขตบางคอแหลม,10120,กรุงเทพฯ,,สำนักงานใหญ่,Thailand,02-291-1337,,,,,Traditional Trade,,Company Car,Cash,ศักดิ์ชาย พิทักษ์วงษ์
res_partner_cust_83,คุณ สุพิศ  วังศิริทักษ์,,,TRUE,TRUE,FALSE,,Default,FALSE,501/4 ถ.นางลิ้นจี่ ,แขวงช่องนนทรี  เขตยานนาวา,10120,กรุงเทพฯ,,สำนักงานใหญ่,Thailand,หน้าร้าน,,,,,Traditional Trade,,Company Car,Cash,ยุวดี ลิ่มอักษรกุล
res_partner_cust_84,ร้าน สุรชัย,,,TRUE,TRUE,FALSE,,Default,FALSE,4236/123 ซ.ตรอกนอกเขต ,แขวงบางโคล่  เขตบางคอแหลม,10120,กรุงเทพฯ,,สำนักงานใหญ่,Thailand,,081-550-5139,,,,Traditional Trade,,Company Car,Cash,ศักดิ์ชาย พิทักษ์วงษ์
res_partner_cust_85,หจก. เหรียญทองซูปเปอร์บิ๊ก,,,TRUE,TRUE,FALSE,,Default,FALSE,123 ซ.โกสุมรวมใจ5 ,แขวงดอนเมือง  เขตดอนเมือง,10210,กรุงเทพฯ,,สำนักงานใหญ่,Thailand,02-981-0603,081-844-3775,,,,Traditional Trade,,Company Car,Cash,ศักดิ์ชาย พิทักษ์วงษ์
res_partner_cust_86,ร้าน หยิมฮะฮวด,,,TRUE,TRUE,FALSE,,Default,FALSE,516  ถ.เทิดไท,แขวงบางยี่เรือ  เขตธนบุรี,10600,กรุงเทพฯ,,สำนักงานใหญ่,Thailand,02-466-2517,082-350-5054,,,,Traditional Trade,,Company Car,Cash,ศักดิ์ชาย พิทักษ์วงษ์
res_partner_cust_87,ร้าน ศูนย์การค้าดาวคนอง ซูปเปอร์,,,TRUE,TRUE,FALSE,,Default,FALSE,1138-1138/1 ,แขวงดาวคนอง   เขตธนบุรี,10600,กรุงเทพฯ,,สำนักงานใหญ่,Thailand,หน้าร้าน,,,,,Traditional Trade,,Company Car,Cash,ยุวดี ลิ่มอักษรกุล
res_partner_cust_88,ร้าน กิมคลองตัน,,,TRUE,TRUE,FALSE,,Default,FALSE,1551 ถ.รามคำแหง ,แขวงคลองตัน  เขตคลองเตย,10110,กรุงเทพฯ,,สำนักงานใหญ่,Thailand,02-281-9741,080-448-7552,,,,Traditional Trade,,Company Car,Cash,สาโรจน์  สภาสกุลวนิช
res_partner_cust_89,ร้าน อุดมทรัพย์,,,TRUE,TRUE,FALSE,,Default,FALSE,207/86 ถ.รังสิต-งามวงศ์วาน ,แขวงทุ่งสองห้อง  เขตหลักสี่,10210,กรุงเทพฯ,,สำนักงานใหญ่,Thailand,,081-849-7728,,,,Traditional Trade,,Company Car,Cash,ศักดิ์ชาย พิทักษ์วงษ์
res_partner_cust_90,ร้าน อุดมวิทย์,,,TRUE,TRUE,FALSE,,Default,FALSE,449/43 ซ.ประวิทย์(อุดมสุข51) ,แขวงบางจาก  เขตพระโขนง,10260,กรุงเทพฯ,,สำนักงานใหญ่,Thailand,02-729-7544,081-643-5157,02-398-7968,,,Traditional Trade,,Company Car,Cash,สาโรจน์  สภาสกุลวนิช
res_partner_cust_91,ร้าน เฮียลักษณ์สโตร์,,,TRUE,TRUE,FALSE,,Default,FALSE,27-27/1 ถ.ลาดพร้าว 80 แยก 2 ,แขวงวังทองหลาง  เขตวังทองหลาง,10310,กรุงเทพฯ,,สำนักงานใหญ่,Thailand,02-933-9700,089-142-4128,,,,Traditional Trade,,Company Car,Cash,สาโรจน์  สภาสกุลวนิช
res_partner_cust_92,ร้าน เฮงเลี้ยงเฮง,,,TRUE,TRUE,FALSE,,Default,FALSE,27/34 ซ.2 ตลาดคลองเตย ถ.สุนทรโกษา ,แขวงคลองเตย  เขตคลองเตย ,10110,กรุงเทพฯ,,สำนักงานใหญ่,Thailand,02-240-2732,081-830-0025,02-2492765,,,Traditional Trade,,Company Car,Cash,สาโรจน์  สภาสกุลวนิช
res_partner_cust_93,ร้าน ฮะหลี,,,TRUE,TRUE,FALSE,,Default,FALSE,2 ซ.สุขุมวิท62 ,แขวงบางจาก  เขตพระโขนง,10260,กรุงเทพฯ,,สำนักงานใหญ่,Thailand,02-331-7680,087-993-9199,,,,Traditional Trade,,Company Car,Cash,สาโรจน์  สภาสกุลวนิช
res_partner_cust_94,บริษัท เฮงรุ่ง จำกัด,,,TRUE,TRUE,FALSE,,Default,FALSE,288 ถ. เจริญพัฒนา ,แขวงบางชัน  เขตคลองสามวา,10510,กรุงเทพฯ,,สำนักงานใหญ่,Thailand,02-518-2884-5,086-902-3888,,,,Traditional Trade,,Company Car,Cash,ศักดิ์ชาย พิทักษ์วงษ์
res_partner_cust_95,บริษัท วีรโชค  จำกัด,,,TRUE,TRUE,FALSE,,Default,FALSE,1062/3-5 ซ.อาคารสงเคราะห์1 ถ.สวนพลู ,แขวงทุ่งมหาเมฆ  เขตสาทร,10120,กรุงเทพฯ,,สำนักงานใหญ่,Thailand,02-213-1350,081-547-3453,02-286-6648,,,Traditional Trade,,Company Car,Cash,ศักดิ์ชาย พิทักษ์วงษ์
res_partner_cust_96,ร้าน เฮียตี๋,,,TRUE,TRUE,FALSE,,Default,FALSE,5 ซ.อ่อนนุช22 ถ.สุขุมวิท77 ,แขวงพระโขนง  เขตวัฒนา,10110,กรุงเทพฯ,,สำนักงานใหญ่,Thailand,02-332-1252,085-114-1477,,,,Traditional Trade,,Company Car,Cash,สาโรจน์  สภาสกุลวนิช
res_partner_cust_97,ร้าน เฮียอ้วน,,,TRUE,TRUE,FALSE,,Default,FALSE,586/1 ประชาสงเคราะห์ 4 ถ.ประชาสงเคราะห์,แขวงดินแดง  เขตดินแดง,10400,กรุงเทพฯ,,สำนักงานใหญ่,Thailand,หน้าร้าน,,,,,Traditional Trade,,Company Car,Cash,ยุวดี ลิ่มอักษรกุล
res_partner_cust_98,ร้าน เฮียใจ๋,,,TRUE,TRUE,FALSE,,Default,FALSE,9/438 โชคชัย4 ซ.50 ,แขวงลาดพร้าว   เขตลาดพร้าว,10230,กรุงเทพฯ,,สำนักงานใหญ่,Thailand,02-931-4201,086-622-5318,,,,Traditional Trade,,Company Car,Cash,สาโรจน์  สภาสกุลวนิช
res_partner_cust_99,ร้าน กุ้งช็อบ,,,TRUE,TRUE,FALSE,,Default,FALSE,96 ถ.ลาดปลาเค้า ,แขวงอนุสาวรีย์  เขตบางเขน,10220,กรุงเทพฯ,,สำนักงานใหญ่,Thailand,,081-297-7745,,,,Traditional Trade,,Company Car,Cash,ศักดิ์ชาย พิทักษ์วงษ์
res_partner_cust_100,บริษัท กิติภูนผล  จำกัด,,,TRUE,TRUE,FALSE,,Default,FALSE,8/3 ถ.สุขุมวิท55 ,แขวงคลองตันเหนือ  เขตวัฒนา,10110,กรุงเทพฯ,,สำนักงานใหญ่,Thailand,02-391-7628,081-921-3075,02-3912169,,,Traditional Trade,,Company Car,Cash,สาโรจน์  สภาสกุลวนิช
res_partner_cust_101,ร้าน กิตติวัฒน์พานิช,,,TRUE,TRUE,FALSE,,Default,FALSE,495/2 ถ.สาธุประดิษฐ์,แขวงช่องนนทรี  เขตยานนาวา,10120,กรุงเทพฯ,,สำนักงานใหญ่,Thailand,,086-568-1213,,,,Traditional Trade,,Company Car,Cash,ศักดิ์ชาย พิทักษ์วงษ์
res_partner_cust_102,ร้าน กิตติศักดิ์,,,TRUE,TRUE,FALSE,,Default,FALSE,27-27/1 ถ.ลาดพร้าวซอย 80 แยก 2 ,แขวงวังทองหลาง  เขตวังทองหลาง,10310,กรุงเทพฯ,,สำนักงานใหญ่,Thailand,02-933-9700,089-142-4128,,,,Traditional Trade,,Company Car,Cash,สาโรจน์  สภาสกุลวนิช
res_partner_cust_103,ร้าน กนก,,,TRUE,TRUE,FALSE,,Default,FALSE,12/54 ซ.ชินเขต2/24 ถ.งามวงศ์วาน ,แขวงทุ่งสองห้อง  เขตหลักสี่,10210,กรุงเทพฯ,,สำนักงานใหญ่,Thailand,02-954-1850,081-442-7587,,,,Traditional Trade,,Company Car,Cash,ศักดิ์ชาย พิทักษ์วงษ์
res_partner_cust_104,ร้าน เกษตรพร,,,TRUE,TRUE,FALSE,,Default,FALSE,2137/3 ตลาดอมรพันธ์ ,แขวงลาดยาว  เขตจตุจักร,10900,กรุงเทพฯ,,สำนักงานใหญ่,Thailand,02-941-1745,,,,,Traditional Trade,,Company Car,Cash,ศักดิ์ชาย พิทักษ์วงษ์
res_partner_cust_105,ร้าน เกียรติพูนสิน,,,TRUE,TRUE,FALSE,,Default,FALSE,1091/13 ซ.จารุรัตน์ ถ.เพชรบุรีตัดใหม่ ,แขวงราชเทวี  เขตราชเทวี,10400,กรุงเทพฯ,,สำนักงานใหญ่,Thailand,หน้าร้าน,,,,,Traditional Trade,,Company Car,Cash,ยุวดี ลิ่มอักษรกุล
res_partner_cust_106,ร้าน กมลชื่น น้ำแข็ง,,,TRUE,TRUE,FALSE,,Default,FALSE,46/2 ถ.ลาดปลาเค้า,แขวงอนุสาวรีย์  เขตบางเขน,10220,กรุงเทพฯ,,สำนักงานใหญ่,Thailand,02-522-2238,089-814-5243,,,,Traditional Trade,,Company Car,Cash,ศักดิ์ชาย พิทักษ์วงษ์
res_partner_cust_107,ร้าน กิจไพศาล,,,TRUE,TRUE,FALSE,,Default,FALSE,1046-1048 ซ.แสงทิพย์ ถ.สุขุมวิท ,แขวงพระโขนง  เขตคลองเตย,10110,กรุงเทพฯ,,สำนักงานใหญ่,Thailand,02-391-5016,089-152-4682,,,,Traditional Trade,,Company Car,Cash,สาโรจน์  สภาสกุลวนิช
res_partner_cust_108,ร้าน เกรียงไกร,,,TRUE,TRUE,FALSE,,Default,FALSE,2721/2 ถ.พระราม 4,แขวงคลองเตย  เขตคลองเตย,10110,กรุงเทพฯ,,สำนักงานใหญ่,Thailand,02-259-9394-6,089-076-7245,02-259-9394,,,Traditional Trade,,Company Car,Cash,สาโรจน์  สภาสกุลวนิช
res_partner_cust_109,ร้าน โกดังข้าวสาร,,,TRUE,TRUE,FALSE,,Default,FALSE,53/11 หมู่ 7 ซ.วัดเกาะ ถ.พหลโยธิน 54/1 แยก 4,แขวงคลองถนน  เขตสายไหม,10220,กรุงเทพฯ,,สำนักงานใหญ่,Thailand,,085-344-2195,,,,Traditional Trade,,Company Car,Cash,ศักดิ์ชาย พิทักษ์วงษ์
res_partner_cust_110,ร้าน โกอี๊ด,,,TRUE,TRUE,FALSE,,Default,FALSE,26/31 ม.2 ถ.พหลโยธิน54/1 ,แขวงคลองถนน  เขตสายไหม,10220,กรุงเทพฯ,,สำนักงานใหญ่,Thailand,02-531-4830,087-597-6757,,,,Traditional Trade,,Company Car,Cash,ศักดิ์ชาย พิทักษ์วงษ์
res_partner_cust_111,ร้าน แฮ่เคี่ยงกี่,,,TRUE,TRUE,FALSE,,Default,FALSE,1821/1 ถ.สุขุมวิท ตลาดพระโขนง,แขวงพระโขนง  เขตคลองเตย,10110,กรุงเทพฯ,,สำนักงานใหญ่,Thailand,02-392-5112,081-306-6587,,,,Traditional Trade,,Company Car,Cash,สาโรจน์  สภาสกุลวนิช
res_partner_cust_112,หจก. ไฟว แคร็บ,,,TRUE,TRUE,FALSE,,Default,FALSE,57 ถ.สว่าง มหาพฤฒาราม ,แขวงมหาพฤฒาราม  เขตบางรัก,10500,กรุงเทพฯ,,สำนักงานใหญ่,Thailand,02-266-3686,085-912-9551,,,,Traditional Trade,,Company Car,Cash,ศักดิ์ชาย พิทักษ์วงษ์
res_partner_cust_113,ร้าน เจริญพานิช,,,TRUE,TRUE,FALSE,,Default,FALSE,35 ถ.สุขุมวิท57 ,แขวงคลองตันเหนือ  เขตวัฒนา,10110,กรุงเทพฯ,,สำนักงานใหญ่,Thailand,02-391-3060,084-364-0295,,,,Traditional Trade,,Company Car,Cash,สาโรจน์  สภาสกุลวนิช
res_partner_cust_114,ร้าน เจริญพานิชย์,,,TRUE,TRUE,FALSE,,Default,FALSE,363/184 ซ.พหลโยธิน52 ถ.พหลโยธิน ,แขวงคลองถนน  เขตสายไหม,10220,กรุงเทพฯ,,สำนักงานใหญ่,Thailand,02-521-3643,,,,,Traditional Trade,,Company Car,Cash,ศักดิ์ชาย พิทักษ์วงษ์
res_partner_cust_115,ร้าน จ.รุ่งเรือง,,,TRUE,TRUE,FALSE,,Default,FALSE,2/33-34 ซ.โรงหนังอุดมสุข ตลาดอุดมสุข ,แขวงบางนา  เขตบางนา,10260,กรุงเทพฯ,,สำนักงานใหญ่,Thailand,,082-701-9185,,,,Traditional Trade,,Company Car,Cash,สาโรจน์  สภาสกุลวนิช
res_partner_cust_116,ร้าน เจษฎา,,,TRUE,TRUE,FALSE,,Default,FALSE,12/21 ถ.พหลโยธิน48 ,แขวงอนุสาวรีย์  เขตบางเขน,10220,กรุงเทพฯ,,สำนักงานใหญ่,Thailand,02-521-7675,086-332-1021,,,,Traditional Trade,,Company Car,Cash,ศักดิ์ชาย พิทักษ์วงษ์
res_partner_cust_117,ร้าน เจี๊ยบ,,,TRUE,TRUE,FALSE,,Default,FALSE,41/3 ถ.วิภาวดีรังสิต ซ.วิภาวดีรังสิต16/9 ,แขวงจอมพล  เขตจักตุจักร,10900,กรุงเทพฯ,,สำนักงานใหญ่,Thailand,02-691-4864,081-933-8249,,,,Traditional Trade,,Company Car,Cash,ศักดิ์ชาย พิทักษ์วงษ์
res_partner_cust_118,ร้าน ชัยพาณิชย์(เจ๊ม้อ),,,TRUE,TRUE,FALSE,,Default,FALSE,201/15 ถ.พหลโยธิน54/1 ,แขวงคลองถนน  เขตสายไหม,10220,กรุงเทพฯ,,สำนักงานใหญ่,Thailand,02-974-8008,,,,,Traditional Trade,,Company Car,Cash,ศักดิ์ชาย พิทักษ์วงษ์
res_partner_cust_119,ร้าน เจ๊จู,,,TRUE,TRUE,FALSE,,Default,FALSE,10/25 ม.2 ถ.พหลโยธิน54/1 ,แขวงคลองถนน  เขตสายไหม,10220,กรุงเทพฯ,,สำนักงานใหญ่,Thailand,02-974-9046,081-874-4902,,,,Traditional Trade,,Company Car,Cash,ศักดิ์ชาย พิทักษ์วงษ์
res_partner_cust_120,ร้าน ชนิดาพร,,,TRUE,TRUE,FALSE,,Default,FALSE,477 ถ.สุทธิสาร ,แขวงห้วยขวาง   เขตห้วยขวาง,10310,กรุงเทพฯ,,สำนักงานใหญ่,Thailand,หน้าร้าน,,,,,Traditional Trade,,Company Car,Cash,ยุวดี ลิ่มอักษรกุล
res_partner_cust_121,คุณ ชัดชัย ถนอมสุขสินชัย,,,TRUE,TRUE,FALSE,,Default,FALSE,159/48 ซ.ปลูกจิตต์ ,แขวงลุมพินี  เขตปทุมวัน,10330,กรุงเทพฯ,,สำนักงานใหญ่,Thailand,หน้าร้าน,,,,,Traditional Trade,,Company Car,Cash,ยุวดี ลิ่มอักษรกุล
res_partner_cust_122,ร้าน เซ่งเล้ง,,,TRUE,TRUE,FALSE,,Default,FALSE,499/29-30-31-32 ซ.เพิ่มสิน8 ถ.เพิ่มสิน ,แขวงคลองถนน  เขตสายไหม,1220,กรุงเทพฯ,,สำนักงานใหญ่,Thailand,02-974-7410,084-219-4755,,,,Traditional Trade,,Company Car,Cash,ศักดิ์ชาย พิทักษ์วงษ์
res_partner_cust_123,ร้าน ดารัตน์(เฮียตุ๊),,,TRUE,TRUE,FALSE,,Default,FALSE,2717/3 ถ.พระราม4 ,แขวงคลองเตย  เขตคลองเตย ,10110,กรุงเทพฯ,,สำนักงานใหญ่,Thailand,02-260-5399,087-321-4230,,,,Traditional Trade,,Company Car,Cash,สาโรจน์  สภาสกุลวนิช
res_partner_cust_124,ร้าน ต.เจริญ,,,TRUE,TRUE,FALSE,,Default,FALSE,99/106 ตลาดประชานิเวศน์1 ,แขวงลาดยาว  เขตจตุจักร,10900,กรุงเทพฯ,,สำนักงานใหญ่,Thailand,02-954-2740,081-354-9629,,,,Traditional Trade,,Company Car,Cash,ศักดิ์ชาย พิทักษ์วงษ์
res_partner_cust_125,ร้าน ต.เมืองทอง,,,TRUE,TRUE,FALSE,,Default,FALSE,161 ถ.อ่อนนุช,แขวงประเวศ   เขตประเวศ,10250,กรุงเทพฯ,,สำนักงานใหญ่,Thailand,02-721-6270,081-207-3686,,,,Traditional Trade,,Company Car,Cash,สาโรจน์  สภาสกุลวนิช
res_partner_cust_126,หจก. ตั้งซุนหลี,,,TRUE,TRUE,FALSE,,Default,FALSE,141/9 หมู่ 4 ถ. รามอินทรา ,แขวงอนุสาวรีย์ เขตบางเขน,10220,กรุงเทพฯ,,สำนักงานใหญ่,Thailand,02-970-8224-5,,,,,Traditional Trade,,Company Car,Cash,ศักดิ์ชาย พิทักษ์วงษ์
res_partner_cust_127,ร้าน ตั้งง่วนกี่,,,TRUE,TRUE,FALSE,,Default,FALSE,156 ถ.สันติภาพ ,แขวงป้อมปราบศตรูพ่าย  เขตป้อมปราบฯ,10100,กรุงเทพฯ,,สำนักงานใหญ่,Thailand,หน้าร้าน,,,,,Traditional Trade,,Company Car,Cash,ยุวดี ลิ่มอักษรกุล
res_partner_cust_128,ร้าน ตุ๊กตา,,,TRUE,TRUE,FALSE,,Default,FALSE,31/103 ถ.งามวงศ์วาน ,แขวงทุ่งสองห้อง  เขตหลักสี่,10210,กรุงเทพฯ,,สำนักงานใหญ่,Thailand,,081-255-8173,,,,Traditional Trade,,Company Car,Cash,ศักดิ์ชาย พิทักษ์วงษ์
res_partner_cust_129,คุณ ทัศนัย,,,TRUE,TRUE,FALSE,,Default,FALSE,184 ถ.พระราม 4,แขวงคลองเตย เขตคลองเตย,10110,กรุงเทพฯ,,สำนักงานใหญ่,Thailand,หน้าร้าน,,,,,Traditional Trade,,Company Car,Cash,ยุวดี ลิ่มอักษรกุล
res_partner_cust_130,ร้าน ไทยพาณิชย์,,,TRUE,TRUE,FALSE,,Default,FALSE,35 ถ.สุขุมวิท 57,แขวงพระโขนง   เขตพระโขนง,10110,กรุงเทพฯ,,สำนักงานใหญ่,Thailand,02-391-3060,084-364-0295,02-391-2443,,,Traditional Trade,,Company Car,Cash,สาโรจน์  สภาสกุลวนิช
res_partner_cust_131,ร้าน ทรัพย์เพิ่มพูน,,,TRUE,TRUE,FALSE,,Default,FALSE,2137/13-15 ตลาดอมรพันธ์ (ม.เกษตร) ,แขวงลาดยาว  เขตจตุจักร,10900,กรุงเทพฯ,,สำนักงานใหญ่,Thailand,02-579-3027,081-130-7616,,,,Traditional Trade,,Company Car,Cash,ศักดิ์ชาย พิทักษ์วงษ์
res_partner_cust_132,ร้าน ทวีชัย,,,TRUE,TRUE,FALSE,,Default,FALSE,1056/7 ถ.จันทร์ ซ.วัดไผ่เงิน ,แขวงบางโคล่  เขตบางคอแหลม,10120,กรุงเทพฯ,,สำนักงานใหญ่,Thailand,02-211-2500,,,,,Traditional Trade,,Company Car,Cash,ศักดิ์ชาย พิทักษ์วงษ์
res_partner_cust_133,ร้าน นงลักษณ์,,,TRUE,TRUE,FALSE,,Default,FALSE,58-60 ซ.ปรีดีพนมยงค์26 สุขุมวิท71 ,แขวงคลองตันเหนือ เขตวัฒนา,10110,กรุงเทพฯ,,สำนักงานใหญ่,Thailand,02-711-1962,081-641-2748,,,,Traditional Trade,,Company Car,Cash,สาโรจน์  สภาสกุลวนิช
res_partner_cust_134,ร้าน นัฐนัน,,,TRUE,TRUE,FALSE,,Default,FALSE,201/48 ซ.วัดเกาะ ,แขวงคลองถนน  เขตสายไหม,10220,กรุงเทพฯ,,สำนักงานใหญ่,Thailand,02-974-8571,,,,,Traditional Trade,,Company Car,Cash,ศักดิ์ชาย พิทักษ์วงษ์
res_partner_cust_135,ร้าน น้องรัก,,,TRUE,TRUE,FALSE,,Default,FALSE,103 ซ.สรณคมน์2 ถ.สรงประภา ,แขวงสีกัน  เขตดอนเมือง,10210,กรุงเทพฯ,,สำนักงานใหญ่,Thailand,02-929-7028,,,,,Traditional Trade,,Company Car,Cash,ศักดิ์ชาย พิทักษ์วงษ์
res_partner_cust_136,ร้าน น้ำฝน,,,TRUE,TRUE,FALSE,,Default,FALSE,252/15 ซ.2/1 ถ.สุขุมวิท 77 ,แขวงพระโขนง  เขตคลองเตย,10110,กรุงเทพฯ,,สำนักงานใหญ่,Thailand,02-311-2085,086-345-0020,,,,Traditional Trade,,Company Car,Cash,สาโรจน์  สภาสกุลวนิช
res_partner_cust_137,ร้าน บัญฑิตา,,,TRUE,TRUE,FALSE,,Default,FALSE,50/613 ถ.สุขุมวิท105 ซ.ลาซาล35-37 ,แขวงบางนา  เขตบางนา,10260,กรุงเทพฯ,,สำนักงานใหญ่,Thailand,,083-983-9226,,,,Traditional Trade,,Company Car,Cash,สาโรจน์  สภาสกุลวนิช
res_partner_cust_138,บริษัท บางบอน ซูปเปอร์เซ็นเตอร์ จำกัด,,,TRUE,TRUE,FALSE,,Default,FALSE,97 ถ.บางบอน  1 ,แขวงบางบอน  เขตบางบอน,10150,กรุงเทพฯ,,สำนักงานใหญ่,Thailand,,083-303-7888,,,,Traditional Trade,,Company Car,Cash,สาโรจน์  สภาสกุลวนิช
res_partner_cust_139,หจก. บางบอนค้าส่ง,,,TRUE,TRUE,FALSE,,Default,FALSE,100/61 หมู่ 6 ถ.บางขุนเทียน-ชายทะเล,แขวงแสมดำ  เขตบางขุนเทียน,10150,กรุงเทพฯ,,สำนักงานใหญ่,Thailand,,081-692-6155,,,,Traditional Trade,,Company Car,Cash,สาโรจน์  สภาสกุลวนิช
res_partner_cust_140,ร้าน บุญสิทธ์,,,TRUE,TRUE,FALSE,,Default,FALSE,67/77 ซ.อมร ถ.เชื้อเพลิง ,แขวงช่องนนทรี  เขตยานนาวา,10120,กรุงเทพฯ,,สำนักงานใหญ่,Thailand,02-240-1163,081-445-8206,,,,Traditional Trade,,Company Car,Cash,ศักดิ์ชาย พิทักษ์วงษ์
res_partner_cust_141,ร้าน เบลล์,,,TRUE,TRUE,FALSE,,Default,FALSE,98/7 ตลาดวัดตะกล่ำ ซ.เฉลิมพระเกียรติ24 ,แขวงหนองบอน  เขตประเวศ,10250,กรุงเทพฯ,,สำนักงานใหญ่,Thailand,02-398-7539,,,,,Traditional Trade,,Company Car,Cash,สาโรจน์  สภาสกุลวนิช
res_partner_cust_142,ร้าน ชัช,,,TRUE,TRUE,FALSE,,Default,FALSE,167 ซ.ปลูกจิต ถ.พระราม 4,แขวงลุมพินี  เขตปทุมวัน,10330,กรุงเทพฯ,,สำนักงานใหญ่,Thailand,02-250-0945,086-097-9689,,,,Traditional Trade,,Company Car,Cash,สาโรจน์  สภาสกุลวนิช
res_partner_cust_143,บริษัท บีบี ซุปเปอร์สโตร์  จำกัด,,,TRUE,TRUE,FALSE,,Default,FALSE,10/8 ซ.เอกชัย131 ถ.พรมแดน,แขวงบางบอน  เขตบางขุนเทียน,10150,กรุงเทพฯ,,สำนักงานใหญ่,Thailand,02-892-2858,086-392-2907,,,,Traditional Trade,,Company Car,Cash,สาโรจน์  สภาสกุลวนิช
res_partner_cust_144,หจก.หาญประภาเจริญกิจ,,,TRUE,TRUE,FALSE,,Default,FALSE,235/101 หมู่ 3 ถ.สรณคมณ์,แขวงสีกัน  เขตดอนเมือง,10210,กรุงเทพฯ,,สำนักงานใหญ่,Thailand,02-566-3304,081-641-0119,,,,Traditional Trade,,Company Car,Cash,ศักดิ์ชาย พิทักษ์วงษ์
res_partner_cust_145,ร้านบัญชาพานิชย์,,,TRUE,TRUE,FALSE,,Default,FALSE,107/20-21 ซ.วัดดงมูลเหล็ก ถ.อิสรภาพ 39,แขวงบ้านช่างหล่อ  เขตบางกอกน้อย,10700,กรุงเทพฯ,,สำนักงานใหญ่,Thailand,02-866-7009,081-611-4778,,,,Traditional Trade,,Company Car,Cash,ศักดิ์ชาย พิทักษ์วงษ์
